{
    "sydney_cbd": {
        "start_lat": -33.85244842957847,
        "start_lon": 151.18569643449985,
        "end_lat": -33.88726172362045,
        "end_lon": 151.22444898736288
    }
}